#Time;Velocity
0;0
0.005;0
0.01;0
0.015;0.0002
0.02;0.0002
0.025;0.0004
0.03;0.0006
0.035;0.0008
0.04;0.001
0.045;0.0014
0.05;0.0016
0.055;0.002
0.06;0.0024
0.065;0.0028
0.07;0.0034
0.075;0.0036
0.08;0.0042
0.085;0.0048
0.09;0.0052
0.095;0.006
0.1;0.0064
0.105;0.007
0.11;0.0076
0.115;0.0082
0.12;0.0088
0.125;0.0094
0.13;0.0102
0.135;0.0108
0.14;0.0114
0.145;0.0122
0.15;0.0128
0.155;0.0134
0.16;0.0142
0.165;0.0146
0.17;0.0156
0.175;0.016
0.18;0.0166
0.185;0.0174
0.19;0.0178
0.195;0.0184
0.2;0.0192
0.205;0.0196
0.21;0.02
0.215;0.0206
0.22;0.0212
0.225;0.0216
0.23;0.022
0.235;0.0224
0.24;0.0228
0.245;0.023
0.25;0.0234
0.255;0.0238
0.26;0.024
0.265;0.024
0.27;0.0244
0.275;0.0244
0.28;0.0246
0.285;0.0246
0.29;0.0246
0.295;0.0246
0.3;0.0244
0.305;0.0244
0.31;0.0242
0.315;0.0242
0.32;0.0238
0.325;0.0234
0.33;0.0232
0.335;0.0228
0.34;0.0224
0.345;0.022
0.35;0.0214
0.355;0.0208
0.36;0.0202
0.365;0.0196
0.37;0.019
0.375;0.018
0.38;0.0174
0.385;0.0166
0.39;0.0158
0.395;0.0148
0.4;0.0138
0.405;0.013
0.41;0.0118
0.415;0.0108
0.42;0.0096
0.425;0.0084
0.43;0.0074
0.435;0.006
0.44;0.005
0.445;0.0034
0.45;0.0022
0.455;0.0008
0.46;-0.0006
0.465;-0.0018
0.47;-0.0036
0.475;-0.0048
0.48;-0.0066
0.485;-0.008
0.49;-0.0096
0.495;-0.011
0.5;-0.0128
0.505;-0.0144
0.51;-0.0162
0.515;-0.0178
0.52;-0.0194
0.525;-0.0212
0.53;-0.0228
0.535;-0.0246
0.54;-0.0264
0.545;-0.0282
0.55;-0.03
0.555;-0.0318
0.56;-0.0334
0.565;-0.0354
0.57;-0.0372
0.575;-0.039
0.58;-0.0406
0.585;-0.0426
0.59;-0.0444
0.595;-0.0462
0.6;-0.048
0.605;-0.0496
0.61;-0.0516
0.615;-0.0534
0.62;-0.055
0.625;-0.0568
0.63;-0.0586
0.635;-0.0604
0.64;-0.062
0.645;-0.0636
0.65;-0.0654
0.655;-0.067
0.66;-0.0686
0.665;-0.0702
0.67;-0.0718
0.675;-0.0732
0.68;-0.0748
0.685;-0.0764
0.69;-0.0776
0.695;-0.079
0.7;-0.0806
0.705;-0.0818
0.71;-0.083
0.715;-0.0842
0.72;-0.0856
0.725;-0.0866
0.73;-0.0878
0.735;-0.0886
0.74;-0.0898
0.745;-0.0908
0.75;-0.0916
0.755;-0.0924
0.76;-0.093
0.765;-0.094
0.77;-0.0944
0.775;-0.095
0.78;-0.0956
0.785;-0.096
0.79;-0.0964
0.795;-0.0968
0.8;-0.0968
0.805;-0.097
0.81;-0.0972
0.815;-0.0972
0.82;-0.097
0.825;-0.0968
0.83;-0.0966
0.835;-0.0962
0.84;-0.0958
0.845;-0.0954
0.85;-0.0948
0.855;-0.094
0.86;-0.0932
0.865;-0.0924
0.87;-0.0916
0.875;-0.0904
0.88;-0.0892
0.885;-0.088
0.89;-0.0866
0.895;-0.0852
0.9;-0.0836
0.905;-0.0822
0.91;-0.0802
0.915;-0.0786
0.92;-0.0766
0.925;-0.0746
0.93;-0.0724
0.935;-0.0702
0.94;-0.0678
0.945;-0.0656
0.95;-0.0628
0.955;-0.0604
0.96;-0.0578
0.965;-0.0548
0.97;-0.052
0.975;-0.049
0.98;-0.0458
0.985;-0.0428
0.99;-0.0396
0.995;-0.036
1;-0.0328
1.005;-0.0292
1.01;-0.0256
1.015;-0.022
1.02;-0.0184
1.025;-0.0144
1.03;-0.0104
1.035;-0.0066
1.04;-0.0026
1.045;0.0016
1.05;0.0056
1.055;0.01
1.06;0.0142
1.065;0.0184
1.07;0.0228
1.075;0.0272
1.08;0.0316
1.085;0.0362
1.09;0.0406
1.095;0.0452
1.1;0.0498
1.105;0.0544
1.11;0.0588
1.115;0.0636
1.12;0.068
1.125;0.0728
1.13;0.0774
1.135;0.082
1.14;0.0866
1.145;0.091
1.15;0.0958
1.155;0.1002
1.16;0.1048
1.165;0.1092
1.17;0.1136
1.175;0.118
1.18;0.1224
1.185;0.1266
1.19;0.1308
1.195;0.135
1.2;0.1392
1.205;0.143
1.21;0.147
1.215;0.151
1.22;0.1546
1.225;0.1584
1.23;0.1618
1.235;0.1654
1.24;0.1688
1.245;0.1722
1.25;0.1752
1.255;0.1782
1.26;0.181
1.265;0.184
1.27;0.1866
1.275;0.1892
1.28;0.1916
1.285;0.1938
1.29;0.196
1.295;0.1978
1.3;0.1998
1.305;0.2014
1.31;0.203
1.315;0.2044
1.32;0.2056
1.325;0.2066
1.33;0.2074
1.335;0.2084
1.34;0.2088
1.345;0.2092
1.35;0.2096
1.355;0.2096
1.36;0.2096
1.365;0.2092
1.37;0.2088
1.375;0.2084
1.38;0.2076
1.385;0.2066
1.39;0.2054
1.395;0.2044
1.4;0.2028
1.405;0.2012
1.41;0.1996
1.415;0.1976
1.42;0.1956
1.425;0.1932
1.43;0.191
1.435;0.1884
1.44;0.1856
1.445;0.183
1.45;0.1798
1.455;0.1768
1.46;0.1734
1.465;0.17
1.47;0.1664
1.475;0.1628
1.48;0.159
1.485;0.155
1.49;0.1508
1.495;0.1468
1.5;0.1424
1.505;0.138
1.51;0.1334
1.515;0.1288
1.52;0.1242
1.525;0.1192
1.53;0.1144
1.535;0.1094
1.54;0.1042
1.545;0.099
1.55;0.0938
1.555;0.0886
1.56;0.083
1.565;0.0776
1.57;0.0722
1.575;0.0666
1.58;0.061
1.585;0.0554
1.59;0.0498
1.595;0.044
1.6;0.0382
1.605;0.0324
1.61;0.0268
1.615;0.0208
1.62;0.015
1.625;0.0094
1.63;0.0034
1.635;-0.0024
1.64;-0.0084
1.645;-0.014
1.65;-0.0198
1.655;-0.0256
1.66;-0.0314
1.665;-0.0372
1.67;-0.0428
1.675;-0.0484
1.68;-0.0542
1.685;-0.0596
1.69;-0.0652
1.695;-0.0708
1.7;-0.0762
1.705;-0.0816
1.71;-0.087
1.715;-0.0924
1.72;-0.0974
1.725;-0.1026
1.73;-0.1078
1.735;-0.1128
1.74;-0.1178
1.745;-0.1226
1.75;-0.1274
1.755;-0.132
1.76;-0.1368
1.765;-0.1414
1.77;-0.1458
1.775;-0.1502
1.78;-0.1546
1.785;-0.1586
1.79;-0.1628
1.795;-0.167
1.8;-0.1708
1.805;-0.1746
1.81;-0.1784
1.815;-0.182
1.82;-0.1856
1.825;-0.1888
1.83;-0.1924
1.835;-0.1956
1.84;-0.1986
1.845;-0.2018
1.85;-0.2046
1.855;-0.2074
1.86;-0.2102
1.865;-0.2128
1.87;-0.2152
1.875;-0.2176
1.88;-0.2198
1.885;-0.222
1.89;-0.224
1.895;-0.226
1.9;-0.2278
1.905;-0.2296
1.91;-0.2312
1.915;-0.2326
1.92;-0.2338
1.925;-0.2354
1.93;-0.2362
1.935;-0.2374
1.94;-0.2382
1.945;-0.239
1.95;-0.2398
1.955;-0.2402
1.96;-0.2408
1.965;-0.241
1.97;-0.241
1.975;-0.2414
1.98;-0.2412
1.985;-0.241
1.99;-0.2408
1.995;-0.2402
2;-0.2398
2.005;-0.2392
2.01;-0.2384
2.015;-0.2374
2.02;-0.2364
2.025;-0.2352
2.03;-0.234
2.035;-0.2326
2.04;-0.2312
2.045;-0.2294
2.05;-0.2276
2.055;-0.2258
2.06;-0.2236
2.065;-0.2216
2.07;-0.2194
2.075;-0.2168
2.08;-0.2144
2.085;-0.2118
2.09;-0.209
2.095;-0.206
2.1;-0.203
2.105;-0.1998
2.11;-0.1966
2.115;-0.1932
2.12;-0.1896
2.125;-0.186
2.13;-0.1824
2.135;-0.1782
2.14;-0.1744
2.145;-0.1702
2.15;-0.166
2.155;-0.1614
2.16;-0.1572
2.165;-0.1524
2.17;-0.1478
2.175;-0.143
2.18;-0.138
2.185;-0.133
2.19;-0.1278
2.195;-0.1224
2.2;-0.1172
2.205;-0.1118
2.21;-0.1062
2.215;-0.1004
2.22;-0.0948
2.225;-0.0888
2.23;-0.083
2.235;-0.077
2.24;-0.0708
2.245;-0.0648
2.25;-0.0584
2.255;-0.0522
2.26;-0.0458
2.265;-0.0392
2.27;-0.0328
2.275;-0.0262
2.28;-0.0196
2.285;-0.0128
2.29;-0.0062
2.295;0.0004
2.3;0.0074
2.305;0.0142
2.31;0.021
2.315;0.028
2.32;0.0348
2.325;0.0416
2.33;0.0486
2.335;0.0556
2.34;0.0624
2.345;0.0692
2.35;0.0762
2.355;0.083
2.36;0.09
2.365;0.0966
2.37;0.1036
2.375;0.1102
2.38;0.117
2.385;0.1234
2.39;0.1302
2.395;0.1366
2.4;0.1432
2.405;0.1494
2.41;0.1558
2.415;0.162
2.42;0.1682
2.425;0.1742
2.43;0.1802
2.435;0.1858
2.44;0.1918
2.445;0.1972
2.45;0.2028
2.455;0.2082
2.46;0.2132
2.465;0.2186
2.47;0.2234
2.475;0.2282
2.48;0.2328
2.485;0.2374
2.49;0.2418
2.495;0.246
2.5;0.25
2.505;0.2538
2.51;0.2576
2.515;0.261
2.52;0.2646
2.525;0.2674
2.53;0.2706
2.535;0.2734
2.54;0.276
2.545;0.2784
2.55;0.2806
2.555;0.2826
2.56;0.2844
2.565;0.286
2.57;0.2876
2.575;0.2886
2.58;0.2898
2.585;0.2904
2.59;0.2912
2.595;0.2916
2.6;0.2918
2.605;0.2918
2.61;0.2916
2.615;0.2912
2.62;0.2904
2.625;0.2898
2.63;0.2886
2.635;0.2876
2.64;0.286
2.645;0.2846
2.65;0.2826
2.655;0.2806
2.66;0.2784
2.665;0.276
2.67;0.2734
2.675;0.2708
2.68;0.2676
2.685;0.2646
2.69;0.2612
2.695;0.2578
2.7;0.254
2.705;0.2504
2.71;0.2462
2.715;0.242
2.72;0.2378
2.725;0.2334
2.73;0.2286
2.735;0.224
2.74;0.219
2.745;0.214
2.75;0.2088
2.755;0.2036
2.76;0.198
2.765;0.1926
2.77;0.1868
2.775;0.1812
2.78;0.1754
2.785;0.1692
2.79;0.1634
2.795;0.157
2.8;0.151
2.805;0.1446
2.81;0.1382
2.815;0.1318
2.82;0.1254
2.825;0.1188
2.83;0.1122
2.835;0.1056
2.84;0.0988
2.845;0.092
2.85;0.0854
2.855;0.0786
2.86;0.0718
2.865;0.065
2.87;0.0582
2.875;0.0512
2.88;0.0446
2.885;0.0376
2.89;0.031
2.895;0.024
2.9;0.0172
2.905;0.0106
2.91;0.0038
2.915;-0.0028
2.92;-0.0096
2.925;-0.0162
2.93;-0.0228
2.935;-0.0292
2.94;-0.0358
2.945;-0.0422
2.95;-0.0486
2.955;-0.055
2.96;-0.061
2.965;-0.0674
2.97;-0.0734
2.975;-0.0794
2.98;-0.0854
2.985;-0.0912
2.99;-0.0972
2.995;-0.1026
3;-0.1084
3.005;-0.114
3.01;-0.1192
3.015;-0.1248
3.02;-0.13
3.025;-0.135
3.03;-0.1402
3.035;-0.145
3.04;-0.15
3.045;-0.1546
3.05;-0.1594
3.055;-0.1638
3.06;-0.1682
3.065;-0.1726
3.07;-0.1768
3.075;-0.181
3.08;-0.185
3.085;-0.1888
3.09;-0.1924
3.095;-0.1962
3.1;-0.1998
3.105;-0.2032
3.11;-0.2066
3.115;-0.2096
3.12;-0.2128
3.125;-0.2158
3.13;-0.2186
3.135;-0.2214
3.14;-0.224
3.145;-0.2264
3.15;-0.229
3.155;-0.2312
3.16;-0.2332
3.165;-0.2354
3.17;-0.2374
3.175;-0.2392
3.18;-0.2408
3.185;-0.2426
3.19;-0.2438
3.195;-0.2454
3.2;-0.2466
3.205;-0.2476
3.21;-0.2488
3.215;-0.2496
3.22;-0.2504
3.225;-0.2512
3.23;-0.2516
3.235;-0.2522
3.24;-0.2524
3.245;-0.2528
3.25;-0.2528
3.255;-0.2528
3.26;-0.2528
3.265;-0.2524
3.27;-0.2522
3.275;-0.2516
3.28;-0.2512
3.285;-0.2504
3.29;-0.2496
3.295;-0.2488
3.3;-0.2476
3.305;-0.2466
3.31;-0.2454
3.315;-0.2438
3.32;-0.2426
3.325;-0.2408
3.33;-0.2392
3.335;-0.2374
3.34;-0.2354
3.345;-0.2332
3.35;-0.2312
3.355;-0.229
3.36;-0.2264
3.365;-0.224
3.37;-0.2214
3.375;-0.2186
3.38;-0.2158
3.385;-0.2128
3.39;-0.2096
3.395;-0.2066
3.4;-0.2032
3.405;-0.1998
3.41;-0.1962
3.415;-0.1924
3.42;-0.1888
3.425;-0.185
3.43;-0.181
3.435;-0.1768
3.44;-0.1726
3.445;-0.1682
3.45;-0.1638
3.455;-0.1594
3.46;-0.1546
3.465;-0.15
3.47;-0.145
3.475;-0.1402
3.48;-0.135
3.485;-0.13
3.49;-0.1248
3.495;-0.1192
3.5;-0.114
3.505;-0.1084
3.51;-0.1026
3.515;-0.0972
3.52;-0.0912
3.525;-0.0854
3.53;-0.0794
3.535;-0.0734
3.54;-0.0674
3.545;-0.061
3.55;-0.055
3.555;-0.0486
3.56;-0.0422
3.565;-0.0358
3.57;-0.0292
3.575;-0.0228
3.58;-0.0162
3.585;-0.0096
3.59;-0.0028
3.595;0.0038
3.6;0.0106
3.605;0.0172
3.61;0.024
3.615;0.031
3.62;0.0376
3.625;0.0446
3.63;0.0512
3.635;0.0582
3.64;0.065
3.645;0.0718
3.65;0.0786
3.655;0.0854
3.66;0.092
3.665;0.0988
3.67;0.1056
3.675;0.1122
3.68;0.1188
3.685;0.1254
3.69;0.1318
3.695;0.1382
3.7;0.1446
3.705;0.151
3.71;0.157
3.715;0.1634
3.72;0.1692
3.725;0.1754
3.73;0.1812
3.735;0.1868
3.74;0.1926
3.745;0.198
3.75;0.2036
3.755;0.2088
3.76;0.214
3.765;0.219
3.77;0.224
3.775;0.2286
3.78;0.2334
3.785;0.2378
3.79;0.242
3.795;0.2462
3.8;0.2504
3.805;0.254
3.81;0.2578
3.815;0.2612
3.82;0.2646
3.825;0.2676
3.83;0.2708
3.835;0.2734
3.84;0.276
3.845;0.2784
3.85;0.2806
3.855;0.2826
3.86;0.2846
3.865;0.286
3.87;0.2876
3.875;0.2886
3.88;0.2898
3.885;0.2904
3.89;0.2912
3.895;0.2916
3.9;0.2918
3.905;0.2918
3.91;0.2916
3.915;0.2912
3.92;0.2904
3.925;0.2898
3.93;0.2886
3.935;0.2876
3.94;0.286
3.945;0.2846
3.95;0.2826
3.955;0.2806
3.96;0.2784
3.965;0.276
3.97;0.2734
3.975;0.2708
3.98;0.2676
3.985;0.2646
3.99;0.2612
3.995;0.2578
4;0.254
4.005;0.2504
4.01;0.2462
4.015;0.242
4.02;0.2378
4.025;0.2334
4.03;0.2286
4.035;0.224
4.04;0.219
4.045;0.214
4.05;0.2088
4.055;0.2036
4.06;0.198
4.065;0.1926
4.07;0.1868
4.075;0.1812
4.08;0.1754
4.085;0.1692
4.09;0.1634
4.095;0.157
4.1;0.151
4.105;0.1446
4.11;0.1382
4.115;0.1318
4.12;0.1254
4.125;0.1188
4.13;0.1122
4.135;0.1056
4.14;0.0988
4.145;0.092
4.15;0.0854
4.155;0.0786
4.16;0.0718
4.165;0.065
4.17;0.0582
4.175;0.0512
4.18;0.0446
4.185;0.0376
4.19;0.031
4.195;0.024
4.2;0.0172
4.205;0.0106
4.21;0.0038
4.215;-0.0028
4.22;-0.0096
4.225;-0.0162
4.23;-0.0228
4.235;-0.0292
4.24;-0.0358
4.245;-0.0422
4.25;-0.0486
4.255;-0.055
4.26;-0.061
4.265;-0.0674
4.27;-0.0734
4.275;-0.0794
4.28;-0.0854
4.285;-0.0912
4.29;-0.0972
4.295;-0.1026
4.3;-0.1084
4.305;-0.114
4.31;-0.1192
4.315;-0.1248
4.32;-0.13
4.325;-0.135
4.33;-0.1402
4.335;-0.145
4.34;-0.15
4.345;-0.1546
4.35;-0.1594
4.355;-0.1638
4.36;-0.1682
4.365;-0.1726
4.37;-0.1768
4.375;-0.181
4.38;-0.185
4.385;-0.1888
4.39;-0.1924
4.395;-0.1962
4.4;-0.1998
4.405;-0.2032
4.41;-0.2066
4.415;-0.2096
4.42;-0.2128
4.425;-0.2158
4.43;-0.2186
4.435;-0.2214
4.44;-0.224
4.445;-0.2264
4.45;-0.229
4.455;-0.2312
4.46;-0.2332
4.465;-0.2354
4.47;-0.2374
4.475;-0.2392
4.48;-0.2408
4.485;-0.2426
4.49;-0.2438
4.495;-0.2454
4.5;-0.2466
4.505;-0.2476
4.51;-0.2488
4.515;-0.2496
4.52;-0.2504
4.525;-0.2512
4.53;-0.2516
4.535;-0.2522
4.54;-0.2524
4.545;-0.2528
4.55;-0.2528
4.555;-0.2528
4.56;-0.2528
4.565;-0.2524
4.57;-0.2522
4.575;-0.2516
4.58;-0.2512
4.585;-0.2504
4.59;-0.2496
4.595;-0.2488
4.6;-0.2476
4.605;-0.2466
4.61;-0.2454
4.615;-0.2438
4.62;-0.2426
4.625;-0.2408
4.63;-0.2392
4.635;-0.2374
4.64;-0.2354
4.645;-0.2332
4.65;-0.2312
4.655;-0.229
4.66;-0.2264
4.665;-0.224
4.67;-0.2214
4.675;-0.2186
4.68;-0.2158
4.685;-0.2128
4.69;-0.2096
4.695;-0.2066
4.7;-0.2032
4.705;-0.1998
4.71;-0.1962
4.715;-0.1924
4.72;-0.1888
4.725;-0.185
4.73;-0.181
4.735;-0.1768
4.74;-0.1726
4.745;-0.1682
4.75;-0.1638
4.755;-0.1594
4.76;-0.1546
4.765;-0.15
4.77;-0.145
4.775;-0.1402
4.78;-0.135
4.785;-0.13
4.79;-0.1248
4.795;-0.1192
4.8;-0.114
4.805;-0.1084
4.81;-0.1026
4.815;-0.0972
4.82;-0.0912
4.825;-0.0854
4.83;-0.0794
4.835;-0.0734
4.84;-0.0674
4.845;-0.061
4.85;-0.055
4.855;-0.0486
4.86;-0.0422
4.865;-0.0358
4.87;-0.0292
4.875;-0.0228
4.88;-0.0162
4.885;-0.0096
4.89;-0.0028
4.895;0.0038
4.9;0.0106
4.905;0.0172
4.91;0.024
4.915;0.031
4.92;0.0376
4.925;0.0446
4.93;0.0512
4.935;0.0582
4.94;0.065
4.945;0.0718
4.95;0.0786
4.955;0.0854
4.96;0.092
4.965;0.0988
4.97;0.1056
4.975;0.1122
4.98;0.1188
4.985;0.1254
4.99;0.1318
4.995;0.1382
5;0.1446
5.005;0.151
5.01;0.157
5.015;0.1634
5.02;0.1692
5.025;0.1754
5.03;0.1812
5.035;0.1868
5.04;0.1926
5.045;0.198
5.05;0.2036
5.055;0.2088
5.06;0.214
5.065;0.219
5.07;0.224
5.075;0.2286
5.08;0.2334
5.085;0.2378
5.09;0.242
5.095;0.2462
5.1;0.2504
5.105;0.254
5.11;0.2578
5.115;0.2612
5.12;0.2646
5.125;0.2676
5.13;0.2708
5.135;0.2734
5.14;0.276
5.145;0.2784
5.15;0.2806
5.155;0.2826
5.16;0.2846
5.165;0.286
5.17;0.2876
5.175;0.2886
5.18;0.2898
5.185;0.2904
5.19;0.2912
5.195;0.2916
5.2;0.2918
5.205;0.2918
5.21;0.2916
5.215;0.2912
5.22;0.2904
5.225;0.2898
5.23;0.2886
5.235;0.2876
5.24;0.286
5.245;0.2846
5.25;0.2826
5.255;0.2806
5.26;0.2784
5.265;0.276
5.27;0.2734
5.275;0.2708
5.28;0.2676
5.285;0.2646
5.29;0.2612
5.295;0.2578
5.3;0.254
5.305;0.2504
5.31;0.2462
5.315;0.242
5.32;0.2378
5.325;0.2334
5.33;0.2286
5.335;0.224
5.34;0.219
5.345;0.214
5.35;0.2088
5.355;0.2036
5.36;0.198
5.365;0.1926
5.37;0.1868
5.375;0.1812
5.38;0.1754
5.385;0.1692
5.39;0.1634
5.395;0.157
5.4;0.151
5.405;0.1446
5.41;0.1382
5.415;0.1318
5.42;0.1254
5.425;0.1188
5.43;0.1122
5.435;0.1056
5.44;0.0988
5.445;0.092
5.45;0.0854
5.455;0.0786
5.46;0.0718
5.465;0.065
5.47;0.0582
5.475;0.0512
5.48;0.0446
5.485;0.0376
5.49;0.031
5.495;0.024
5.5;0.0172
5.505;0.0106
5.51;0.0038
5.515;-0.0028
5.52;-0.0096
5.525;-0.0162
5.53;-0.0228
5.535;-0.0292
5.54;-0.0358
5.545;-0.0422
5.55;-0.0486
5.555;-0.055
5.56;-0.061
5.565;-0.0674
5.57;-0.0734
5.575;-0.0794
5.58;-0.0854
5.585;-0.0912
5.59;-0.0972
5.595;-0.1026
5.6;-0.1084
5.605;-0.114
5.61;-0.1192
5.615;-0.1248
5.62;-0.13
5.625;-0.135
5.63;-0.1402
5.635;-0.145
5.64;-0.15
5.645;-0.1546
5.65;-0.1594
5.655;-0.1638
5.66;-0.1682
5.665;-0.1726
5.67;-0.1768
5.675;-0.181
5.68;-0.185
5.685;-0.1888
5.69;-0.1924
5.695;-0.1962
5.7;-0.1998
5.705;-0.2032
5.71;-0.2066
5.715;-0.2096
5.72;-0.2128
5.725;-0.2158
5.73;-0.2186
5.735;-0.2214
5.74;-0.224
5.745;-0.2264
5.75;-0.229
5.755;-0.2312
5.76;-0.2332
5.765;-0.2354
5.77;-0.2374
5.775;-0.2392
5.78;-0.2408
5.785;-0.2426
5.79;-0.2438
5.795;-0.2454
5.8;-0.2466
5.805;-0.2476
5.81;-0.2488
5.815;-0.2496
5.82;-0.2504
5.825;-0.2512
5.83;-0.2516
5.835;-0.2522
5.84;-0.2524
5.845;-0.2528
5.85;-0.2528
5.855;-0.2528
5.86;-0.2528
5.865;-0.2524
5.87;-0.2522
5.875;-0.2516
5.88;-0.2512
5.885;-0.2504
5.89;-0.2496
5.895;-0.2488
5.9;-0.2476
5.905;-0.2466
5.91;-0.2454
5.915;-0.2438
5.92;-0.2426
5.925;-0.2408
5.93;-0.2392
5.935;-0.2374
5.94;-0.2354
5.945;-0.2332
5.95;-0.2312
5.955;-0.229
5.96;-0.2264
5.965;-0.224
5.97;-0.2214
5.975;-0.2186
5.98;-0.2158
5.985;-0.2128
5.99;-0.2096
5.995;-0.2066
6;-0.2032
6.005;-0.1998
6.01;-0.1962
6.015;-0.1924
6.02;-0.1888
6.025;-0.185
6.03;-0.181
6.035;-0.1768
6.04;-0.1726
6.045;-0.1682
6.05;-0.1638
6.055;-0.1594
6.06;-0.1546
6.065;-0.15
6.07;-0.145
6.075;-0.1402
6.08;-0.135
6.085;-0.13
6.09;-0.1248
6.095;-0.1192
6.1;-0.114
6.105;-0.1084
6.11;-0.1026
6.115;-0.0972
6.12;-0.0912
6.125;-0.0854
6.13;-0.0794
6.135;-0.0734
6.14;-0.0674
6.145;-0.061
6.15;-0.055
6.155;-0.0486
6.16;-0.0422
6.165;-0.0358
6.17;-0.0292
6.175;-0.0228
6.18;-0.0162
6.185;-0.0096
6.19;-0.0028
6.195;0.0038
6.2;0.0106
6.205;0.0172
6.21;0.024
6.215;0.031
6.22;0.0376
6.225;0.0446
6.23;0.0512
6.235;0.0582
6.24;0.065
6.245;0.0718
6.25;0.0786
6.255;0.0854
6.26;0.092
6.265;0.0988
6.27;0.1056
6.275;0.1122
6.28;0.1188
6.285;0.1254
6.29;0.1318
6.295;0.1382
6.3;0.1446
6.305;0.151
6.31;0.157
6.315;0.1634
6.32;0.1692
6.325;0.1754
6.33;0.1812
6.335;0.1868
6.34;0.1926
6.345;0.198
6.35;0.2036
6.355;0.2088
6.36;0.214
6.365;0.219
6.37;0.224
6.375;0.2286
6.38;0.2334
6.385;0.2378
6.39;0.242
6.395;0.2462
6.4;0.2504
6.405;0.254
6.41;0.2578
6.415;0.2612
6.42;0.2646
6.425;0.2676
6.43;0.2708
6.435;0.2734
6.44;0.276
6.445;0.2784
6.45;0.2806
6.455;0.2826
6.46;0.2846
6.465;0.286
6.47;0.2876
6.475;0.2886
6.48;0.2898
6.485;0.2904
6.49;0.2912
6.495;0.2916
6.5;0.2918
6.505;0.2918
6.51;0.2916
6.515;0.2912
6.52;0.2904
6.525;0.2898
6.53;0.2886
6.535;0.2876
6.54;0.286
6.545;0.2846
6.55;0.2826
6.555;0.2806
6.56;0.2784
6.565;0.276
6.57;0.2734
6.575;0.2708
6.58;0.2676
6.585;0.2646
6.59;0.2612
6.595;0.2578
6.6;0.254
6.605;0.2504
6.61;0.2462
6.615;0.242
6.62;0.2378
6.625;0.2334
6.63;0.2286
6.635;0.224
6.64;0.219
6.645;0.214
6.65;0.2088
6.655;0.2036
6.66;0.198
6.665;0.1926
6.67;0.1868
6.675;0.1812
6.68;0.1754
6.685;0.1692
6.69;0.1634
6.695;0.157
6.7;0.151
6.705;0.1446
6.71;0.1382
6.715;0.1318
6.72;0.1254
6.725;0.1188
6.73;0.1122
6.735;0.1056
6.74;0.0988
6.745;0.092
6.75;0.0854
6.755;0.0786
6.76;0.0718
6.765;0.065
6.77;0.0582
6.775;0.0512
6.78;0.0446
6.785;0.0376
6.79;0.031
6.795;0.024
6.8;0.0172
6.805;0.0106
6.81;0.0038
6.815;-0.0028
6.82;-0.0096
6.825;-0.0162
6.83;-0.0228
6.835;-0.0292
6.84;-0.0358
6.845;-0.0422
6.85;-0.0486
6.855;-0.055
6.86;-0.061
6.865;-0.0674
6.87;-0.0734
6.875;-0.0794
6.88;-0.0854
6.885;-0.0912
6.89;-0.0972
6.895;-0.1026
6.9;-0.1084
6.905;-0.114
6.91;-0.1192
6.915;-0.1248
6.92;-0.13
6.925;-0.135
6.93;-0.1402
6.935;-0.145
6.94;-0.15
6.945;-0.1546
6.95;-0.1594
6.955;-0.1638
6.96;-0.1682
6.965;-0.1726
6.97;-0.1768
6.975;-0.181
6.98;-0.185
6.985;-0.1888
6.99;-0.1924
6.995;-0.1962
7;-0.1998
7.005;-0.2032
7.01;-0.2066
7.015;-0.2096
7.02;-0.2128
7.025;-0.2158
7.03;-0.2186
7.035;-0.2214
7.04;-0.224
7.045;-0.2264
7.05;-0.229
7.055;-0.2312
7.06;-0.2332
7.065;-0.2354
7.07;-0.2374
7.075;-0.2392
7.08;-0.2408
7.085;-0.2426
7.09;-0.2438
7.095;-0.2454
7.1;-0.2466
7.105;-0.2476
7.11;-0.2488
7.115;-0.2496
7.12;-0.2504
7.125;-0.2512
7.13;-0.2516
7.135;-0.2522
7.14;-0.2524
7.145;-0.2528
7.15;-0.2528
7.155;-0.2528
7.16;-0.2528
7.165;-0.2524
7.17;-0.2522
7.175;-0.2516
7.18;-0.2512
7.185;-0.2504
7.19;-0.2496
7.195;-0.2488
7.2;-0.2476
7.205;-0.2466
7.21;-0.2454
7.215;-0.2438
7.22;-0.2426
7.225;-0.2408
7.23;-0.2392
7.235;-0.2374
7.24;-0.2354
7.245;-0.2332
7.25;-0.2312
7.255;-0.229
7.26;-0.2264
7.265;-0.224
7.27;-0.2214
7.275;-0.2186
7.28;-0.2158
7.285;-0.2128
7.29;-0.2096
7.295;-0.2066
7.3;-0.2032
7.305;-0.1998
7.31;-0.1962
7.315;-0.1924
7.32;-0.1888
7.325;-0.185
7.33;-0.181
7.335;-0.1768
7.34;-0.1726
7.345;-0.1682
7.35;-0.1638
7.355;-0.1594
7.36;-0.1546
7.365;-0.15
7.37;-0.145
7.375;-0.1402
7.38;-0.135
7.385;-0.13
7.39;-0.1248
7.395;-0.1192
7.4;-0.114
7.405;-0.1084
7.41;-0.1026
7.415;-0.0972
7.42;-0.0912
7.425;-0.0854
7.43;-0.0794
7.435;-0.0734
7.44;-0.0674
7.445;-0.061
7.45;-0.055
7.455;-0.0486
7.46;-0.0422
7.465;-0.0358
7.47;-0.0292
7.475;-0.0228
7.48;-0.0162
7.485;-0.0096
7.49;-0.0028
7.495;0.0038
7.5;0.0106
7.505;0.0172
7.51;0.024
7.515;0.031
7.52;0.0376
7.525;0.0446
7.53;0.0512
7.535;0.0582
7.54;0.065
7.545;0.0718
7.55;0.0786
7.555;0.0854
7.56;0.092
7.565;0.0988
7.57;0.1056
7.575;0.1122
7.58;0.1188
7.585;0.1254
7.59;0.1318
7.595;0.1382
7.6;0.1446
7.605;0.151
7.61;0.157
7.615;0.1634
7.62;0.1692
7.625;0.1754
7.63;0.1812
7.635;0.1868
7.64;0.1926
7.645;0.198
7.65;0.2036
7.655;0.2088
7.66;0.214
7.665;0.219
7.67;0.224
7.675;0.2286
7.68;0.2334
7.685;0.2378
7.69;0.242
7.695;0.2462
7.7;0.2504
7.705;0.254
7.71;0.2578
7.715;0.2612
7.72;0.2646
7.725;0.2676
7.73;0.2708
7.735;0.2734
7.74;0.276
7.745;0.2784
7.75;0.2806
7.755;0.2826
7.76;0.2846
7.765;0.286
7.77;0.2876
7.775;0.2886
7.78;0.2898
7.785;0.2904
7.79;0.2912
7.795;0.2916
7.8;0.2918
7.805;0.2918
7.81;0.2916
7.815;0.2912
7.82;0.2904
7.825;0.2898
7.83;0.2886
7.835;0.2876
7.84;0.286
7.845;0.2846
7.85;0.2826
7.855;0.2806
7.86;0.2784
7.865;0.276
7.87;0.2734
7.875;0.2708
7.88;0.2676
7.885;0.2646
7.89;0.2612
7.895;0.2578
7.9;0.254
7.905;0.2504
7.91;0.2462
7.915;0.242
7.92;0.2378
7.925;0.2334
7.93;0.2286
7.935;0.224
7.94;0.219
7.945;0.214
7.95;0.2088
7.955;0.2036
7.96;0.198
7.965;0.1926
7.97;0.1868
7.975;0.1812
7.98;0.1754
7.985;0.1692
7.99;0.1634
7.995;0.157
8;0.151
8.005;0.1446
8.01;0.1382
8.015;0.1318
8.02;0.1254
8.025;0.1188
8.03;0.1122
8.035;0.1056
8.04;0.0988
8.045;0.092
8.05;0.0854
8.055;0.0786
8.06;0.0718
8.065;0.065
8.07;0.0582
8.075;0.0512
8.08;0.0446
8.085;0.0376
8.09;0.031
8.095;0.024
8.1;0.0172
8.105;0.0106
8.11;0.0038
8.115;-0.0028
8.12;-0.0096
8.125;-0.0162
8.13;-0.0228
8.135;-0.0292
8.14;-0.0358
8.145;-0.0422
8.15;-0.0486
8.155;-0.055
8.16;-0.061
8.165;-0.0674
8.17;-0.0734
8.175;-0.0794
8.18;-0.0854
8.185;-0.0912
8.19;-0.0972
8.195;-0.1026
8.2;-0.1084
8.205;-0.114
8.21;-0.1192
8.215;-0.1248
8.22;-0.13
8.225;-0.135
8.23;-0.1402
8.235;-0.145
8.24;-0.15
8.245;-0.1546
8.25;-0.1594
8.255;-0.1638
8.26;-0.1682
8.265;-0.1726
8.27;-0.1768
8.275;-0.181
8.28;-0.185
8.285;-0.1888
8.29;-0.1924
8.295;-0.1962
8.3;-0.1998
8.305;-0.2032
8.31;-0.2066
8.315;-0.2096
8.32;-0.2128
8.325;-0.2158
8.33;-0.2186
8.335;-0.2214
8.34;-0.224
8.345;-0.2264
8.35;-0.229
8.355;-0.2312
8.36;-0.2332
8.365;-0.2354
8.37;-0.2374
8.375;-0.2392
8.38;-0.2408
8.385;-0.2426
8.39;-0.2438
8.395;-0.2454
8.4;-0.2466
8.405;-0.2476
8.41;-0.2488
8.415;-0.2496
8.42;-0.2504
8.425;-0.2512
8.43;-0.2516
8.435;-0.2522
8.44;-0.2524
8.445;-0.2528
8.45;-0.2528
8.455;-0.2528
8.46;-0.2528
8.465;-0.2524
8.47;-0.2522
8.475;-0.2516
8.48;-0.2512
8.485;-0.2504
8.49;-0.2496
8.495;-0.2488
8.5;-0.2476
8.505;-0.2466
8.51;-0.2454
8.515;-0.2438
8.52;-0.2426
8.525;-0.2408
8.53;-0.2392
8.535;-0.2374
8.54;-0.2354
8.545;-0.2332
8.55;-0.2312
8.555;-0.229
8.56;-0.2264
8.565;-0.224
8.57;-0.2214
8.575;-0.2186
8.58;-0.2158
8.585;-0.2128
8.59;-0.2096
8.595;-0.2066
8.6;-0.2032
8.605;-0.1998
8.61;-0.1962
8.615;-0.1924
8.62;-0.1888
8.625;-0.185
8.63;-0.181
8.635;-0.1768
8.64;-0.1726
8.645;-0.1682
8.65;-0.1638
8.655;-0.1594
8.66;-0.1546
8.665;-0.15
8.67;-0.145
8.675;-0.1402
8.68;-0.135
8.685;-0.13
8.69;-0.1248
8.695;-0.1192
8.7;-0.114
8.705;-0.1084
8.71;-0.1026
8.715;-0.0972
8.72;-0.0912
8.725;-0.0854
8.73;-0.0794
8.735;-0.0734
8.74;-0.0674
8.745;-0.061
8.75;-0.055
8.755;-0.0486
8.76;-0.0422
8.765;-0.0358
8.77;-0.0292
8.775;-0.0228
8.78;-0.0162
8.785;-0.0096
8.79;-0.0028
8.795;0.0038
8.8;0.0106
8.805;0.0172
8.81;0.024
8.815;0.031
8.82;0.0376
8.825;0.0446
8.83;0.0512
8.835;0.0582
8.84;0.065
8.845;0.0718
8.85;0.0786
8.855;0.0854
8.86;0.092
8.865;0.0988
8.87;0.1056
8.875;0.1122
8.88;0.1188
8.885;0.1254
8.89;0.1318
8.895;0.1382
8.9;0.1446
8.905;0.151
8.91;0.157
8.915;0.1634
8.92;0.1692
8.925;0.1754
8.93;0.1812
8.935;0.1868
8.94;0.1926
8.945;0.198
8.95;0.2036
8.955;0.2088
8.96;0.214
8.965;0.219
8.97;0.224
8.975;0.2286
8.98;0.2334
8.985;0.2378
8.99;0.242
8.995;0.2462
9;0.2504
9.005;0.254
9.01;0.2578
9.015;0.2612
9.02;0.2646
9.025;0.2676
9.03;0.2708
9.035;0.2734
9.04;0.276
9.045;0.2784
9.05;0.2806
9.055;0.2826
9.06;0.2846
9.065;0.286
9.07;0.2876
9.075;0.2886
9.08;0.2898
9.085;0.2904
9.09;0.2912
9.095;0.2916
9.1;0.2918
9.105;0.2918
9.11;0.2916
9.115;0.2912
9.12;0.2904
9.125;0.2898
9.13;0.2886
9.135;0.2876
9.14;0.286
9.145;0.2846
9.15;0.2826
9.155;0.2806
9.16;0.2784
9.165;0.276
9.17;0.2734
9.175;0.2708
9.18;0.2676
9.185;0.2646
9.19;0.2612
9.195;0.2578
9.2;0.254
9.205;0.2504
9.21;0.2462
9.215;0.242
9.22;0.2378
9.225;0.2334
9.23;0.2286
9.235;0.224
9.24;0.219
9.245;0.214
9.25;0.2088
9.255;0.2036
9.26;0.198
9.265;0.1926
9.27;0.1868
9.275;0.1812
9.28;0.1754
9.285;0.1692
9.29;0.1634
9.295;0.157
9.3;0.151
9.305;0.1446
9.31;0.1382
9.315;0.1318
9.32;0.1254
9.325;0.1188
9.33;0.1122
9.335;0.1056
9.34;0.0988
9.345;0.092
9.35;0.0854
9.355;0.0786
9.36;0.0718
9.365;0.065
9.37;0.0582
9.375;0.0512
9.38;0.0446
9.385;0.0376
9.39;0.031
9.395;0.024
9.4;0.0172
9.405;0.0106
9.41;0.0038
9.415;-0.0028
9.42;-0.0096
9.425;-0.0162
9.43;-0.0228
9.435;-0.0292
9.44;-0.0358
9.445;-0.0422
9.45;-0.0486
9.455;-0.055
9.46;-0.061
9.465;-0.0674
9.47;-0.0734
9.475;-0.0794
9.48;-0.0854
9.485;-0.0912
9.49;-0.0972
9.495;-0.1026
9.5;-0.1084
9.505;-0.114
9.51;-0.1192
9.515;-0.1248
9.52;-0.13
9.525;-0.135
9.53;-0.1402
9.535;-0.145
9.54;-0.15
9.545;-0.1546
9.55;-0.1594
9.555;-0.1638
9.56;-0.1682
9.565;-0.1726
9.57;-0.1768
9.575;-0.181
9.58;-0.185
9.585;-0.1888
9.59;-0.1924
9.595;-0.1962
9.6;-0.1998
9.605;-0.2032
9.61;-0.2066
9.615;-0.2096
9.62;-0.2128
9.625;-0.2158
9.63;-0.2186
9.635;-0.2214
9.64;-0.224
9.645;-0.2264
9.65;-0.229
9.655;-0.2312
9.66;-0.2332
9.665;-0.2354
9.67;-0.2374
9.675;-0.2392
9.68;-0.2408
9.685;-0.2426
9.69;-0.2438
9.695;-0.2454
9.7;-0.2466
9.705;-0.2476
9.71;-0.2488
9.715;-0.2496
9.72;-0.2504
9.725;-0.2512
9.73;-0.2516
9.735;-0.2522
9.74;-0.2524
9.745;-0.2528
9.75;-0.2528
9.755;-0.2528
9.76;-0.2528
9.765;-0.2524
9.77;-0.2522
9.775;-0.2516
9.78;-0.2512
9.785;-0.2504
9.79;-0.2496
9.795;-0.2488
9.8;-0.2476
9.805;-0.2466
9.81;-0.2454
9.815;-0.2438
9.82;-0.2426
9.825;-0.2408
9.83;-0.2392
9.835;-0.2374
9.84;-0.2354
9.845;-0.2332
9.85;-0.2312
9.855;-0.229
9.86;-0.2264
9.865;-0.224
9.87;-0.2214
9.875;-0.2186
9.88;-0.2158
9.885;-0.2128
9.89;-0.2096
9.895;-0.2066
9.9;-0.2032
9.905;-0.1998
9.91;-0.1962
9.915;-0.1924
9.92;-0.1888
9.925;-0.185
9.93;-0.181
9.935;-0.1768
9.94;-0.1726
9.945;-0.1682
9.95;-0.1638
9.955;-0.1594
9.96;-0.1546
9.965;-0.15
9.97;-0.145
9.975;-0.1402
9.98;-0.135
9.985;-0.13
9.99;-0.1248
9.995;-0.1192
10;-0.114
10.005;-0.1084
10.01;-0.1026
10.015;-0.0972
10.02;-0.0912
10.025;-0.0854
10.03;-0.0794
10.035;-0.0734
10.04;-0.0674
10.045;-0.061
10.05;-0.055
10.055;-0.0486
10.06;-0.0422
10.065;-0.0358
10.07;-0.0292
10.075;-0.0228
10.08;-0.0162
10.085;-0.0096
10.09;-0.0028
10.095;0.0038
10.1;0.0106
10.105;0.0172
10.11;0.024
10.115;0.031
10.12;0.0376
10.125;0.0446
10.13;0.0512
10.135;0.0582
10.14;0.065
10.145;0.0718
10.15;0.0786
10.155;0.0854
10.16;0.092
10.165;0.0988
10.17;0.1056
10.175;0.1122
10.18;0.1188
10.185;0.1254
10.19;0.1318
10.195;0.1382
10.2;0.1446
10.205;0.151
10.21;0.157
10.215;0.1634
10.22;0.1692
10.225;0.1754
10.23;0.1812
10.235;0.1868
10.24;0.1926
10.245;0.198
10.25;0.2036
10.255;0.2088
10.26;0.214
10.265;0.219
10.27;0.224
10.275;0.2286
10.28;0.2334
10.285;0.2378
10.29;0.242
10.295;0.2462
10.3;0.2504
10.305;0.254
10.31;0.2578
10.315;0.2612
10.32;0.2646
10.325;0.2676
10.33;0.2708
10.335;0.2734
10.34;0.276
10.345;0.2784
10.35;0.2806
10.355;0.2826
10.36;0.2846
10.365;0.286
10.37;0.2876
10.375;0.2886
10.38;0.2898
10.385;0.2904
10.39;0.2912
10.395;0.2916
10.4;0.2918
10.405;0.2918
10.41;0.2916
10.415;0.2912
10.42;0.2904
10.425;0.2898
10.43;0.2886
10.435;0.2876
10.44;0.286
10.445;0.2846
10.45;0.2826
10.455;0.2806
10.46;0.2784
10.465;0.276
10.47;0.2734
10.475;0.2708
10.48;0.2676
10.485;0.2646
10.49;0.2612
10.495;0.2578
10.5;0.254
10.505;0.2504
10.51;0.2462
10.515;0.242
10.52;0.2378
10.525;0.2334
10.53;0.2286
10.535;0.224
10.54;0.219
10.545;0.214
10.55;0.2088
10.555;0.2036
10.56;0.198
10.565;0.1926
10.57;0.1868
10.575;0.1812
10.58;0.1754
10.585;0.1692
10.59;0.1634
10.595;0.157
10.6;0.151
10.605;0.1446
10.61;0.1382
10.615;0.1318
10.62;0.1254
10.625;0.1188
10.63;0.1122
10.635;0.1056
10.64;0.0988
10.645;0.092
10.65;0.0854
10.655;0.0786
10.66;0.0718
10.665;0.065
10.67;0.0582
10.675;0.0512
10.68;0.0446
10.685;0.0376
10.69;0.031
10.695;0.024
10.7;0.0172
10.705;0.0106
10.71;0.0038
10.715;-0.0028
10.72;-0.0096
10.725;-0.0162
10.73;-0.0228
10.735;-0.0292
10.74;-0.0358
10.745;-0.0422
10.75;-0.0486
10.755;-0.055
10.76;-0.061
10.765;-0.0674
10.77;-0.0734
10.775;-0.0794
10.78;-0.0854
10.785;-0.0912
10.79;-0.0972
10.795;-0.1026
10.8;-0.1084
10.805;-0.114
10.81;-0.1192
10.815;-0.1248
10.82;-0.13
10.825;-0.135
10.83;-0.1402
10.835;-0.145
10.84;-0.15
10.845;-0.1546
10.85;-0.1594
10.855;-0.1638
10.86;-0.1682
10.865;-0.1726
10.87;-0.1768
10.875;-0.181
10.88;-0.185
10.885;-0.1888
10.89;-0.1924
10.895;-0.1962
10.9;-0.1998
10.905;-0.2032
10.91;-0.2066
10.915;-0.2096
10.92;-0.2128
10.925;-0.2158
10.93;-0.2186
10.935;-0.2214
10.94;-0.224
10.945;-0.2264
10.95;-0.229
10.955;-0.2312
10.96;-0.2332
10.965;-0.2354
10.97;-0.2374
10.975;-0.2392
10.98;-0.2408
10.985;-0.2426
10.99;-0.2438
10.995;-0.2454
11;-0.2466
11.005;-0.2476
11.01;-0.2488
11.015;-0.2496
11.02;-0.2504
11.025;-0.2512
11.03;-0.2516
11.035;-0.2522
11.04;-0.2524
11.045;-0.2528
11.05;-0.2528
11.055;-0.2528
11.06;-0.2528
11.065;-0.2524
11.07;-0.2522
11.075;-0.2516
11.08;-0.2512
11.085;-0.2504
11.09;-0.2496
11.095;-0.2488
11.1;-0.2476
11.105;-0.2466
11.11;-0.2454
11.115;-0.2438
11.12;-0.2426
11.125;-0.2408
11.13;-0.2392
11.135;-0.2374
11.14;-0.2354
11.145;-0.2332
11.15;-0.2312
11.155;-0.229
11.16;-0.2264
11.165;-0.224
11.17;-0.2214
11.175;-0.2186
11.18;-0.2158
11.185;-0.2128
11.19;-0.2096
11.195;-0.2066
11.2;-0.2032
11.205;-0.1998
11.21;-0.1962
11.215;-0.1924
11.22;-0.1888
11.225;-0.185
11.23;-0.181
11.235;-0.1768
11.24;-0.1726
11.245;-0.1682
11.25;-0.1638
11.255;-0.1594
11.26;-0.1546
11.265;-0.15
11.27;-0.145
11.275;-0.1402
11.28;-0.135
11.285;-0.13
11.29;-0.1248
11.295;-0.1192
11.3;-0.114
11.305;-0.1084
11.31;-0.1026
11.315;-0.0972
11.32;-0.0912
11.325;-0.0854
11.33;-0.0794
11.335;-0.0734
11.34;-0.0674
11.345;-0.061
11.35;-0.055
11.355;-0.0486
11.36;-0.0422
11.365;-0.0358
11.37;-0.0292
11.375;-0.0228
11.38;-0.0162
11.385;-0.0096
11.39;-0.0028
11.395;0.0038
11.4;0.0106
11.405;0.0172
11.41;0.024
11.415;0.031
11.42;0.0376
11.425;0.0446
11.43;0.0512
11.435;0.0582
11.44;0.065
11.445;0.0718
11.45;0.0786
11.455;0.0854
11.46;0.092
11.465;0.0988
11.47;0.1056
11.475;0.1122
11.48;0.1188
11.485;0.1254
11.49;0.1318
11.495;0.1382
11.5;0.1446
11.505;0.151
11.51;0.157
11.515;0.1634
11.52;0.1692
11.525;0.1754
11.53;0.1812
11.535;0.1868
11.54;0.1926
11.545;0.198
11.55;0.2036
11.555;0.2088
11.56;0.214
11.565;0.219
11.57;0.224
11.575;0.2286
11.58;0.2334
11.585;0.2378
11.59;0.242
11.595;0.2462
11.6;0.2504
11.605;0.254
11.61;0.2578
11.615;0.2612
11.62;0.2646
11.625;0.2676
11.63;0.2708
11.635;0.2734
11.64;0.276
11.645;0.2784
11.65;0.2806
11.655;0.2826
11.66;0.2846
11.665;0.286
11.67;0.2876
11.675;0.2886
11.68;0.2898
11.685;0.2904
11.69;0.2912
11.695;0.2916
11.7;0.2918
11.705;0.2918
11.71;0.2916
11.715;0.2912
11.72;0.2904
11.725;0.2898
11.73;0.2886
11.735;0.2876
11.74;0.286
11.745;0.2846
11.75;0.2826
11.755;0.2806
11.76;0.2784
11.765;0.276
11.77;0.2734
11.775;0.2708
11.78;0.2676
11.785;0.2646
11.79;0.2612
11.795;0.2578
11.8;0.254
11.805;0.2504
11.81;0.2462
11.815;0.242
11.82;0.2378
11.825;0.2334
11.83;0.2286
11.835;0.224
11.84;0.219
11.845;0.214
11.85;0.2088
11.855;0.2036
11.86;0.198
11.865;0.1926
11.87;0.1868
11.875;0.1812
11.88;0.1754
11.885;0.1692
11.89;0.1634
11.895;0.157
11.9;0.151
11.905;0.1446
11.91;0.1382
11.915;0.1318
11.92;0.1254
11.925;0.1188
11.93;0.1122
11.935;0.1056
11.94;0.0988
11.945;0.092
11.95;0.0854
11.955;0.0786
11.96;0.0718
11.965;0.065
11.97;0.0582
11.975;0.0512
11.98;0.0446
11.985;0.0376
11.99;0.031
11.995;0.024
12;0.0172
12.005;0.0106
12.01;0.0038
12.015;-0.0028
12.02;-0.0096
12.025;-0.0162
12.03;-0.0228
12.035;-0.0292
12.04;-0.0358
12.045;-0.0422
12.05;-0.0486
12.055;-0.055
12.06;-0.061
12.065;-0.0674
12.07;-0.0734
12.075;-0.0794
12.08;-0.0854
12.085;-0.0912
12.09;-0.0972
12.095;-0.1026
12.1;-0.1084
12.105;-0.114
12.11;-0.1192
12.115;-0.1248
12.12;-0.13
12.125;-0.135
12.13;-0.1402
12.135;-0.145
12.14;-0.15
12.145;-0.1546
12.15;-0.1594
12.155;-0.1638
12.16;-0.1682
12.165;-0.1726
12.17;-0.1768
12.175;-0.181
12.18;-0.185
12.185;-0.1888
12.19;-0.1924
12.195;-0.1962
12.2;-0.1998
12.205;-0.2032
12.21;-0.2066
12.215;-0.2096
12.22;-0.2128
12.225;-0.2158
12.23;-0.2186
12.235;-0.2214
12.24;-0.224
12.245;-0.2264
12.25;-0.229
12.255;-0.2312
12.26;-0.2332
12.265;-0.2354
12.27;-0.2374
12.275;-0.2392
12.28;-0.2408
12.285;-0.2426
12.29;-0.2438
12.295;-0.2454
12.3;-0.2466
12.305;-0.2476
12.31;-0.2488
12.315;-0.2496
12.32;-0.2504
12.325;-0.2512
12.33;-0.2516
12.335;-0.2522
12.34;-0.2524
12.345;-0.2528
12.35;-0.2528
12.355;-0.2528
12.36;-0.2528
12.365;-0.2524
12.37;-0.2522
12.375;-0.2516
12.38;-0.2512
12.385;-0.2504
12.39;-0.2496
12.395;-0.2488
12.4;-0.2476
12.405;-0.2466
12.41;-0.2454
12.415;-0.2438
12.42;-0.2426
12.425;-0.2408
12.43;-0.2392
12.435;-0.2374
12.44;-0.2354
12.445;-0.2332
12.45;-0.2312
12.455;-0.229
12.46;-0.2264
12.465;-0.224
12.47;-0.2214
12.475;-0.2186
12.48;-0.2158
12.485;-0.2128
12.49;-0.2096
12.495;-0.2066
12.5;-0.2032
12.505;-0.1998
12.51;-0.1962
12.515;-0.1924
12.52;-0.1888
12.525;-0.185
12.53;-0.181
12.535;-0.1768
12.54;-0.1726
12.545;-0.1682
12.55;-0.1638
12.555;-0.1594
12.56;-0.1546
12.565;-0.15
12.57;-0.145
12.575;-0.1402
12.58;-0.135
12.585;-0.13
12.59;-0.1248
12.595;-0.1192
12.6;-0.114
12.605;-0.1084
12.61;-0.1026
12.615;-0.0972
12.62;-0.0912
12.625;-0.0854
12.63;-0.0794
12.635;-0.0734
12.64;-0.0674
12.645;-0.061
12.65;-0.055
12.655;-0.0486
12.66;-0.0422
12.665;-0.0358
12.67;-0.0292
12.675;-0.0228
12.68;-0.0162
12.685;-0.0096
12.69;-0.0028
12.695;0.0038
12.7;0.0106
12.705;0.0172
12.71;0.024
12.715;0.031
12.72;0.0376
12.725;0.0446
12.73;0.0512
12.735;0.0582
12.74;0.065
12.745;0.0718
12.75;0.0786
12.755;0.0854
12.76;0.092
12.765;0.0988
12.77;0.1056
12.775;0.1122
12.78;0.1188
12.785;0.1254
12.79;0.1318
12.795;0.1382
12.8;0.1446
12.805;0.151
12.81;0.157
12.815;0.1634
12.82;0.1692
12.825;0.1754
12.83;0.1812
12.835;0.1868
12.84;0.1926
12.845;0.198
12.85;0.2036
12.855;0.2088
12.86;0.214
12.865;0.219
12.87;0.224
12.875;0.2286
12.88;0.2334
12.885;0.2378
12.89;0.242
12.895;0.2462
12.9;0.2504
12.905;0.254
12.91;0.2578
12.915;0.2612
12.92;0.2646
12.925;0.2676
12.93;0.2708
12.935;0.2734
12.94;0.276
12.945;0.2784
12.95;0.2806
12.955;0.2826
12.96;0.2846
12.965;0.286
12.97;0.2876
12.975;0.2886
12.98;0.2898
12.985;0.2904
12.99;0.2912
12.995;0.2916
13;0.2918
13.005;0.2918
13.01;0.2916
13.015;0.2912
13.02;0.2904
13.025;0.2898
13.03;0.2886
13.035;0.2876
13.04;0.286
13.045;0.2846
13.05;0.2826
13.055;0.2806
13.06;0.2784
13.065;0.276
13.07;0.2734
13.075;0.2708
13.08;0.2676
13.085;0.2646
13.09;0.2612
13.095;0.2578
13.1;0.254
13.105;0.2504
13.11;0.2462
13.115;0.242
13.12;0.2378
13.125;0.2334
13.13;0.2286
13.135;0.224
13.14;0.219
13.145;0.214
13.15;0.2088
13.155;0.2036
13.16;0.198
13.165;0.1926
13.17;0.1868
13.175;0.1812
13.18;0.1754
13.185;0.1692
13.19;0.1634
13.195;0.157
13.2;0.151
13.205;0.1446
13.21;0.1382
13.215;0.1318
13.22;0.1254
13.225;0.1188
13.23;0.1122
13.235;0.1056
13.24;0.0988
13.245;0.092
13.25;0.0854
13.255;0.0786
13.26;0.0718
13.265;0.065
13.27;0.0582
13.275;0.0512
13.28;0.0446
13.285;0.0376
13.29;0.031
13.295;0.024
13.3;0.0172
13.305;0.0106
13.31;0.0038
13.315;-0.0028
13.32;-0.0096
13.325;-0.0162
13.33;-0.0228
13.335;-0.0292
13.34;-0.0358
13.345;-0.0422
13.35;-0.0486
13.355;-0.055
13.36;-0.061
13.365;-0.0674
13.37;-0.0734
13.375;-0.0794
13.38;-0.0854
13.385;-0.0912
13.39;-0.0972
13.395;-0.1026
13.4;-0.1084
13.405;-0.114
13.41;-0.1192
13.415;-0.1248
13.42;-0.13
13.425;-0.135
13.43;-0.1402
13.435;-0.145
13.44;-0.15
13.445;-0.1546
13.45;-0.1594
13.455;-0.1638
13.46;-0.1682
13.465;-0.1726
13.47;-0.1768
13.475;-0.181
13.48;-0.185
13.485;-0.1888
13.49;-0.1924
13.495;-0.1962
13.5;-0.1998
13.505;-0.2032
13.51;-0.2066
13.515;-0.2096
13.52;-0.2128
13.525;-0.2158
13.53;-0.2186
13.535;-0.2214
13.54;-0.224
13.545;-0.2264
13.55;-0.229
13.555;-0.2312
13.56;-0.2332
13.565;-0.2354
13.57;-0.2374
13.575;-0.2392
13.58;-0.2408
13.585;-0.2426
13.59;-0.2438
13.595;-0.2454
13.6;-0.2466
13.605;-0.2476
13.61;-0.2488
13.615;-0.2496
13.62;-0.2504
13.625;-0.2512
13.63;-0.2516
13.635;-0.2522
13.64;-0.2524
13.645;-0.2528
13.65;-0.2528
13.655;-0.2528
13.66;-0.2528
13.665;-0.2524
13.67;-0.2522
13.675;-0.2516
13.68;-0.2512
13.685;-0.2504
13.69;-0.2496
13.695;-0.2488
13.7;-0.2476
13.705;-0.2466
13.71;-0.2454
13.715;-0.2438
13.72;-0.2426
13.725;-0.2408
13.73;-0.2392
13.735;-0.2374
13.74;-0.2354
13.745;-0.2332
13.75;-0.2312
13.755;-0.229
13.76;-0.2264
13.765;-0.224
13.77;-0.2214
13.775;-0.2186
13.78;-0.2158
13.785;-0.2128
13.79;-0.2096
13.795;-0.2066
13.8;-0.2032
13.805;-0.1998
13.81;-0.1962
13.815;-0.1924
13.82;-0.1888
13.825;-0.185
13.83;-0.181
13.835;-0.1768
13.84;-0.1726
13.845;-0.1682
13.85;-0.1638
13.855;-0.1594
13.86;-0.1546
13.865;-0.15
13.87;-0.145
13.875;-0.1402
13.88;-0.135
13.885;-0.13
13.89;-0.1248
13.895;-0.1192
13.9;-0.114
13.905;-0.1084
13.91;-0.1026
13.915;-0.0972
13.92;-0.0912
13.925;-0.0854
13.93;-0.0794
13.935;-0.0734
13.94;-0.0674
13.945;-0.061
13.95;-0.055
13.955;-0.0486
13.96;-0.0422
13.965;-0.0358
13.97;-0.0292
13.975;-0.0228
13.98;-0.0162
13.985;-0.0096
13.99;-0.0028
13.995;0.0038
14;0.0106
14.005;0.0172
14.01;0.024
14.015;0.031
14.02;0.0376
14.025;0.0446
14.03;0.0512
14.035;0.0582
14.04;0.065
14.045;0.0718
14.05;0.0786
14.055;0.0854
14.06;0.092
14.065;0.0988
14.07;0.1056
14.075;0.1122
14.08;0.1188
14.085;0.1254
14.09;0.1318
14.095;0.1382
14.1;0.1446
14.105;0.151
14.11;0.157
14.115;0.1634
14.12;0.1692
14.125;0.1754
14.13;0.1812
14.135;0.1868
14.14;0.1926
14.145;0.198
14.15;0.2036
14.155;0.2088
14.16;0.214
14.165;0.219
14.17;0.224
14.175;0.2286
14.18;0.2334
14.185;0.2378
14.19;0.242
14.195;0.2462
14.2;0.2504
14.205;0.254
14.21;0.2578
14.215;0.2612
14.22;0.2646
14.225;0.2676
14.23;0.2708
14.235;0.2734
14.24;0.276
14.245;0.2784
14.25;0.2806
14.255;0.2826
14.26;0.2846
14.265;0.286
14.27;0.2876
14.275;0.2886
14.28;0.2898
14.285;0.2904
14.29;0.2912
14.295;0.2916
14.3;0.2918
14.305;0.2918
14.31;0.2916
14.315;0.2912
14.32;0.2904
14.325;0.2898
14.33;0.2886
14.335;0.2876
14.34;0.286
14.345;0.2846
14.35;0.2826
14.355;0.2806
14.36;0.2784
14.365;0.276
14.37;0.2734
14.375;0.2708
14.38;0.2676
14.385;0.2646
14.39;0.2612
14.395;0.2578
14.4;0.254
14.405;0.2504
14.41;0.2462
14.415;0.242
14.42;0.2378
14.425;0.2334
14.43;0.2286
14.435;0.224
14.44;0.219
14.445;0.214
14.45;0.2088
14.455;0.2036
14.46;0.198
14.465;0.1926
14.47;0.1868
14.475;0.1812
14.48;0.1754
14.485;0.1692
14.49;0.1634
14.495;0.157
14.5;0.151
14.505;0.1446
14.51;0.1382
14.515;0.1318
14.52;0.1254
14.525;0.1188
14.53;0.1122
14.535;0.1056
14.54;0.0988
14.545;0.092
14.55;0.0854
14.555;0.0786
14.56;0.0718
14.565;0.065
14.57;0.0582
14.575;0.0512
14.58;0.0446
14.585;0.0376
14.59;0.031
14.595;0.024
14.6;0.0172
14.605;0.0106
14.61;0.0038
14.615;-0.0028
14.62;-0.0096
14.625;-0.0162
14.63;-0.0228
14.635;-0.0292
14.64;-0.0358
14.645;-0.0422
14.65;-0.0486
14.655;-0.055
14.66;-0.061
14.665;-0.0674
14.67;-0.0734
14.675;-0.0794
14.68;-0.0854
14.685;-0.0912
14.69;-0.0972
14.695;-0.1026
14.7;-0.1084
14.705;-0.114
14.71;-0.1192
14.715;-0.1248
14.72;-0.13
14.725;-0.135
14.73;-0.1402
14.735;-0.145
14.74;-0.15
14.745;-0.1546
14.75;-0.1594
14.755;-0.1638
14.76;-0.1682
14.765;-0.1726
14.77;-0.1768
14.775;-0.181
14.78;-0.185
14.785;-0.1888
14.79;-0.1924
14.795;-0.1962
14.8;-0.1998
14.805;-0.2032
14.81;-0.2066
14.815;-0.2096
14.82;-0.2128
14.825;-0.2158
14.83;-0.2186
14.835;-0.2214
14.84;-0.224
14.845;-0.2264
14.85;-0.229
14.855;-0.2312
14.86;-0.2332
14.865;-0.2354
14.87;-0.2374
14.875;-0.2392
14.88;-0.2408
14.885;-0.2426
14.89;-0.2438
14.895;-0.2454
14.9;-0.2466
14.905;-0.2476
14.91;-0.2488
14.915;-0.2496
14.92;-0.2504
14.925;-0.2512
14.93;-0.2516
14.935;-0.2522
14.94;-0.2524
14.945;-0.2528
14.95;-0.2528
14.955;-0.2528
14.96;-0.2528
14.965;-0.2524
14.97;-0.2522
14.975;-0.2516
14.98;-0.2512
14.985;-0.2504
14.99;-0.2496
14.995;-0.2488
15;-0.2476
15.005;-0.2466
15.01;-0.2454
15.015;-0.2438
15.02;-0.2426
15.025;-0.2408
15.03;-0.2392
15.035;-0.2374
15.04;-0.2354
15.045;-0.2332
15.05;-0.2312
15.055;-0.229
15.06;-0.2264
15.065;-0.224
15.07;-0.2214
15.075;-0.2186
15.08;-0.2158
15.085;-0.2128
15.09;-0.2096
15.095;-0.2066
15.1;-0.2032
15.105;-0.1998
15.11;-0.1962
15.115;-0.1924
15.12;-0.1888
15.125;-0.185
15.13;-0.181
15.135;-0.1768
15.14;-0.1726
15.145;-0.1682
15.15;-0.1638
15.155;-0.1594
15.16;-0.1546
15.165;-0.15
15.17;-0.145
15.175;-0.1402
15.18;-0.135
15.185;-0.13
15.19;-0.1248
15.195;-0.1192
15.2;-0.114
15.205;-0.1084
15.21;-0.1026
15.215;-0.0972
15.22;-0.0912
15.225;-0.0854
15.23;-0.0794
15.235;-0.0734
15.24;-0.0674
15.245;-0.061
15.25;-0.055
15.255;-0.0486
15.26;-0.0422
15.265;-0.0358
15.27;-0.0292
15.275;-0.0228
15.28;-0.0162
15.285;-0.0096
15.29;-0.0028
15.295;0.0038
15.3;0.0106
15.305;0.0172
15.31;0.024
15.315;0.031
15.32;0.0376
15.325;0.0446
15.33;0.0512
15.335;0.0582
15.34;0.065
15.345;0.0718
15.35;0.0786
15.355;0.0854
15.36;0.092
15.365;0.0988
15.37;0.1056
15.375;0.1122
15.38;0.1188
15.385;0.1254
15.39;0.1318
15.395;0.1382
15.4;0.1446
15.405;0.151
15.41;0.157
15.415;0.1634
15.42;0.1692
15.425;0.1754
15.43;0.1812
15.435;0.1868
15.44;0.1926
15.445;0.198
15.45;0.2036
15.455;0.2088
15.46;0.214
15.465;0.219
15.47;0.224
15.475;0.2286
15.48;0.2334
15.485;0.2378
15.49;0.242
15.495;0.2462
15.5;0.2504
15.505;0.254
15.51;0.2578
15.515;0.2612
15.52;0.2646
15.525;0.2676
15.53;0.2708
15.535;0.2734
15.54;0.276
15.545;0.2784
15.55;0.2806
15.555;0.2826
15.56;0.2846
15.565;0.286
15.57;0.2876
15.575;0.2886
15.58;0.2898
15.585;0.2904
15.59;0.2912
15.595;0.2916
15.6;0.2918
15.605;0.2918
15.61;0.2916
15.615;0.2912
15.62;0.2904
15.625;0.2898
15.63;0.2886
15.635;0.2876
15.64;0.286
15.645;0.2846
15.65;0.2826
15.655;0.2806
15.66;0.2784
15.665;0.276
15.67;0.2734
15.675;0.2708
15.68;0.2676
15.685;0.2646
15.69;0.2612
15.695;0.2578
15.7;0.254
15.705;0.2504
15.71;0.2462
15.715;0.242
15.72;0.2378
15.725;0.2334
15.73;0.2286
15.735;0.224
15.74;0.219
15.745;0.214
15.75;0.2088
15.755;0.2036
15.76;0.198
15.765;0.1926
15.77;0.1868
15.775;0.1812
15.78;0.1754
15.785;0.1692
15.79;0.1634
15.795;0.157
15.8;0.151
15.805;0.1446
15.81;0.1382
15.815;0.1318
15.82;0.1254
15.825;0.1188
15.83;0.1122
15.835;0.1056
15.84;0.0988
15.845;0.092
15.85;0.0854
15.855;0.0786
15.86;0.0718
15.865;0.065
15.87;0.0582
15.875;0.0512
15.88;0.0446
15.885;0.0376
15.89;0.031
15.895;0.024
15.9;0.0172
15.905;0.0106
15.91;0.0038
15.915;-0.0028
15.92;-0.0096
15.925;-0.0162
15.93;-0.0228
15.935;-0.0292
15.94;-0.0358
15.945;-0.0422
15.95;-0.0486
15.955;-0.055
15.96;-0.061
15.965;-0.0674
15.97;-0.0734
15.975;-0.0794
15.98;-0.0854
15.985;-0.0912
15.99;-0.0972
15.995;-0.1026
16;-0.1084
16.005;-0.114
16.01;-0.1192
16.015;-0.1248
16.02;-0.13
16.025;-0.135
16.03;-0.1402
16.035;-0.145
16.04;-0.15
16.045;-0.1546
16.05;-0.1594
16.055;-0.1638
16.06;-0.1682
16.065;-0.1726
16.07;-0.1768
16.075;-0.181
16.08;-0.185
16.085;-0.1888
16.09;-0.1924
16.095;-0.1962
16.1;-0.1998
16.105;-0.2032
16.11;-0.2066
16.115;-0.2096
16.12;-0.2128
16.125;-0.2158
16.13;-0.2186
16.135;-0.2214
16.14;-0.224
16.145;-0.2264
16.15;-0.229
16.155;-0.2312
16.16;-0.2332
16.165;-0.2354
16.17;-0.2374
16.175;-0.2392
16.18;-0.2408
16.185;-0.2426
16.19;-0.2438
16.195;-0.2454
16.2;-0.2466
16.205;-0.2476
16.21;-0.2488
16.215;-0.2496
16.22;-0.2504
16.225;-0.2512
16.23;-0.2516
16.235;-0.2522
16.24;-0.2524
16.245;-0.2528
16.25;-0.2528
16.255;-0.2528
16.26;-0.2528
16.265;-0.2524
16.27;-0.2522
16.275;-0.2516
16.28;-0.2512
16.285;-0.2504
16.29;-0.2496
16.295;-0.2488
16.3;-0.2476
16.305;-0.2466
16.31;-0.2454
16.315;-0.2438
16.32;-0.2426
16.325;-0.2408
16.33;-0.2392
16.335;-0.2374
16.34;-0.2354
16.345;-0.2332
16.35;-0.2312
16.355;-0.229
16.36;-0.2264
16.365;-0.224
16.37;-0.2214
16.375;-0.2186
16.38;-0.2158
16.385;-0.2128
16.39;-0.2096
16.395;-0.2066
16.4;-0.2032
16.405;-0.1998
16.41;-0.1962
16.415;-0.1924
16.42;-0.1888
16.425;-0.185
16.43;-0.181
16.435;-0.1768
16.44;-0.1726
16.445;-0.1682
16.45;-0.1638
16.455;-0.1594
16.46;-0.1546
16.465;-0.15
16.47;-0.145
16.475;-0.1402
16.48;-0.135
16.485;-0.13
16.49;-0.1248
16.495;-0.1192
16.5;-0.114
16.505;-0.1084
16.51;-0.1026
16.515;-0.0972
16.52;-0.0912
16.525;-0.0854
16.53;-0.0794
16.535;-0.0734
16.54;-0.0674
16.545;-0.061
16.55;-0.055
16.555;-0.0486
16.56;-0.0422
16.565;-0.0358
16.57;-0.0292
16.575;-0.0228
16.58;-0.0162
16.585;-0.0096
16.59;-0.0028
16.595;0.0038
16.6;0.0106
16.605;0.0172
16.61;0.024
16.615;0.031
16.62;0.0376
16.625;0.0446
16.63;0.0512
16.635;0.0582
16.64;0.065
16.645;0.0718
16.65;0.0786
16.655;0.0854
16.66;0.092
16.665;0.0988
16.67;0.1056
16.675;0.1122
16.68;0.1188
16.685;0.1254
16.69;0.1318
16.695;0.1382
16.7;0.1446
16.705;0.151
16.71;0.157
16.715;0.1634
16.72;0.1692
16.725;0.1754
16.73;0.1812
16.735;0.1868
16.74;0.1926
16.745;0.198
16.75;0.2036
16.755;0.2088
16.76;0.214
16.765;0.219
16.77;0.224
16.775;0.2286
16.78;0.2334
16.785;0.2378
16.79;0.242
16.795;0.2462
16.8;0.2504
16.805;0.254
16.81;0.2578
16.815;0.2612
16.82;0.2646
16.825;0.2676
16.83;0.2708
16.835;0.2734
16.84;0.276
16.845;0.2784
16.85;0.2806
16.855;0.2826
16.86;0.2846
16.865;0.286
16.87;0.2876
16.875;0.2886
16.88;0.2898
16.885;0.2904
16.89;0.2912
16.895;0.2916
16.9;0.2918
16.905;0.2918
16.91;0.2916
16.915;0.2912
16.92;0.2904
16.925;0.2898
16.93;0.2886
16.935;0.2876
16.94;0.286
16.945;0.2846
16.95;0.2826
16.955;0.2806
16.96;0.2784
16.965;0.276
16.97;0.2734
16.975;0.2708
16.98;0.2676
16.985;0.2646
16.99;0.2612
16.995;0.2578
17;0.254
17.005;0.2504
17.01;0.2462
17.015;0.242
17.02;0.2378
17.025;0.2334
17.03;0.2286
17.035;0.224
17.04;0.219
17.045;0.214
17.05;0.2088
17.055;0.2036
17.06;0.198
17.065;0.1926
17.07;0.1868
17.075;0.1812
17.08;0.1754
17.085;0.1692
17.09;0.1634
17.095;0.157
17.1;0.151
17.105;0.1446
17.11;0.1382
17.115;0.1318
17.12;0.1254
17.125;0.1188
17.13;0.1122
17.135;0.1056
17.14;0.0988
17.145;0.092
17.15;0.0854
17.155;0.0786
17.16;0.0718
17.165;0.065
17.17;0.0582
17.175;0.0512
17.18;0.0446
17.185;0.0376
17.19;0.031
17.195;0.024
17.2;0.0172
17.205;0.0106
17.21;0.0038
17.215;-0.0028
17.22;-0.0096
17.225;-0.0162
17.23;-0.0228
17.235;-0.0292
17.24;-0.0358
17.245;-0.0422
17.25;-0.0486
17.255;-0.055
17.26;-0.061
17.265;-0.0674
17.27;-0.0734
17.275;-0.0794
17.28;-0.0854
17.285;-0.0912
17.29;-0.0972
17.295;-0.1026
17.3;-0.1084
17.305;-0.114
17.31;-0.1192
17.315;-0.1248
17.32;-0.13
17.325;-0.135
17.33;-0.1402
17.335;-0.145
17.34;-0.15
17.345;-0.1546
17.35;-0.1594
17.355;-0.1638
17.36;-0.1682
17.365;-0.1726
17.37;-0.1768
17.375;-0.181
17.38;-0.185
17.385;-0.1888
17.39;-0.1924
17.395;-0.1962
17.4;-0.1998
17.405;-0.2032
17.41;-0.2066
17.415;-0.2096
17.42;-0.2128
17.425;-0.2158
17.43;-0.2186
17.435;-0.2214
17.44;-0.224
17.445;-0.2264
17.45;-0.229
17.455;-0.2312
17.46;-0.2332
17.465;-0.2354
17.47;-0.2374
17.475;-0.2392
17.48;-0.2408
17.485;-0.2426
17.49;-0.2438
17.495;-0.2454
17.5;-0.2466
17.505;-0.2476
17.51;-0.2488
17.515;-0.2496
17.52;-0.2504
17.525;-0.2512
17.53;-0.2516
17.535;-0.2522
17.54;-0.2524
17.545;-0.2528
17.55;-0.2528
17.555;-0.2528
17.56;-0.2528
17.565;-0.2524
17.57;-0.2522
17.575;-0.2516
17.58;-0.2512
17.585;-0.2504
17.59;-0.2496
17.595;-0.2488
17.6;-0.2476
17.605;-0.2466
17.61;-0.2454
17.615;-0.2438
17.62;-0.2426
17.625;-0.2408
17.63;-0.2392
17.635;-0.2374
17.64;-0.2354
17.645;-0.2332
17.65;-0.2312
17.655;-0.229
17.66;-0.2264
17.665;-0.224
17.67;-0.2214
17.675;-0.2186
17.68;-0.2158
17.685;-0.2128
17.69;-0.2096
17.695;-0.2066
17.7;-0.2032
17.705;-0.1998
17.71;-0.1962
17.715;-0.1924
17.72;-0.1888
17.725;-0.185
17.73;-0.181
17.735;-0.1768
17.74;-0.1726
17.745;-0.1682
17.75;-0.1638
17.755;-0.1594
17.76;-0.1546
17.765;-0.15
17.77;-0.145
17.775;-0.1402
17.78;-0.135
17.785;-0.13
17.79;-0.1248
17.795;-0.1192
17.8;-0.114
17.805;-0.1084
17.81;-0.1026
17.815;-0.0972
17.82;-0.0912
17.825;-0.0854
17.83;-0.0794
17.835;-0.0734
17.84;-0.0674
17.845;-0.061
17.85;-0.055
17.855;-0.0486
17.86;-0.0422
17.865;-0.0358
17.87;-0.0292
17.875;-0.0228
17.88;-0.0162
17.885;-0.0096
17.89;-0.0028
17.895;0.0038
17.9;0.0106
17.905;0.0172
17.91;0.024
17.915;0.031
17.92;0.0376
17.925;0.0446
17.93;0.0512
17.935;0.0582
17.94;0.065
17.945;0.0718
17.95;0.0786
17.955;0.0854
17.96;0.092
17.965;0.0988
17.97;0.1056
17.975;0.1122
17.98;0.1188
17.985;0.1254
17.99;0.1318
17.995;0.1382
18;0.1446
18.005;0.151
18.01;0.157
18.015;0.1634
18.02;0.1692
18.025;0.1754
18.03;0.1812
18.035;0.1868
18.04;0.1926
18.045;0.198
18.05;0.2036
18.055;0.2088
18.06;0.214
18.065;0.219
18.07;0.224
18.075;0.2286
18.08;0.2334
18.085;0.2378
18.09;0.242
18.095;0.2462
18.1;0.2504
18.105;0.254
18.11;0.2578
18.115;0.2612
18.12;0.2646
18.125;0.2676
18.13;0.2708
18.135;0.2734
18.14;0.276
18.145;0.2784
18.15;0.2806
18.155;0.2826
18.16;0.2846
18.165;0.286
18.17;0.2876
18.175;0.2886
18.18;0.2898
18.185;0.2904
18.19;0.2912
18.195;0.2916
18.2;0.2918
18.205;0.2918
18.21;0.2916
18.215;0.2912
18.22;0.2904
18.225;0.2898
18.23;0.2886
18.235;0.2876
18.24;0.286
18.245;0.2846
18.25;0.2826
18.255;0.2806
18.26;0.2784
18.265;0.276
18.27;0.2734
18.275;0.2708
18.28;0.2676
18.285;0.2646
18.29;0.2612
18.295;0.2578
18.3;0.254
18.305;0.2504
18.31;0.2462
18.315;0.242
18.32;0.2378
18.325;0.2334
18.33;0.2286
18.335;0.224
18.34;0.219
18.345;0.214
18.35;0.2088
18.355;0.2036
18.36;0.198
18.365;0.1926
18.37;0.1868
18.375;0.1812
18.38;0.1754
18.385;0.1692
18.39;0.1634
18.395;0.157
18.4;0.151
18.405;0.1446
18.41;0.1382
18.415;0.1318
18.42;0.1254
18.425;0.1188
18.43;0.1122
18.435;0.1056
18.44;0.0988
18.445;0.092
18.45;0.0854
18.455;0.0786
18.46;0.0718
18.465;0.065
18.47;0.0582
18.475;0.0512
18.48;0.0446
18.485;0.0376
18.49;0.031
18.495;0.024
18.5;0.0172
18.505;0.0106
18.51;0.0038
18.515;-0.0028
18.52;-0.0096
18.525;-0.0162
18.53;-0.0228
18.535;-0.0292
18.54;-0.0358
18.545;-0.0422
18.55;-0.0486
18.555;-0.055
18.56;-0.061
18.565;-0.0674
18.57;-0.0734
18.575;-0.0794
18.58;-0.0854
18.585;-0.0912
18.59;-0.0972
18.595;-0.1026
18.6;-0.1084
18.605;-0.114
18.61;-0.1192
18.615;-0.1248
18.62;-0.13
18.625;-0.135
18.63;-0.1402
18.635;-0.145
18.64;-0.15
18.645;-0.1546
18.65;-0.1594
18.655;-0.1638
18.66;-0.1682
18.665;-0.1726
18.67;-0.1768
18.675;-0.181
18.68;-0.185
18.685;-0.1888
18.69;-0.1924
18.695;-0.1962
18.7;-0.1998
18.705;-0.2032
18.71;-0.2066
18.715;-0.2096
18.72;-0.2128
18.725;-0.2158
18.73;-0.2186
18.735;-0.2214
18.74;-0.224
18.745;-0.2264
18.75;-0.229
18.755;-0.2312
18.76;-0.2332
18.765;-0.2354
18.77;-0.2374
18.775;-0.2392
18.78;-0.2408
18.785;-0.2426
18.79;-0.2438
18.795;-0.2454
18.8;-0.2466
18.805;-0.2476
18.81;-0.2488
18.815;-0.2496
18.82;-0.2504
18.825;-0.2512
18.83;-0.2516
18.835;-0.2522
18.84;-0.2524
18.845;-0.2528
18.85;-0.2528
18.855;-0.2528
18.86;-0.2528
18.865;-0.2524
18.87;-0.2522
18.875;-0.2516
18.88;-0.2512
18.885;-0.2504
18.89;-0.2496
18.895;-0.2488
18.9;-0.2476
18.905;-0.2466
18.91;-0.2454
18.915;-0.2438
18.92;-0.2426
18.925;-0.2408
18.93;-0.2392
18.935;-0.2374
18.94;-0.2354
18.945;-0.2332
18.95;-0.2312
18.955;-0.229
18.96;-0.2264
18.965;-0.224
18.97;-0.2214
18.975;-0.2186
18.98;-0.2158
18.985;-0.2128
18.99;-0.2096
18.995;-0.2066
19;-0.2032
19.005;-0.1998
19.01;-0.1962
19.015;-0.1924
19.02;-0.1888
19.025;-0.185
19.03;-0.181
19.035;-0.1768
19.04;-0.1726
19.045;-0.1682
19.05;-0.1638
19.055;-0.1594
19.06;-0.1546
19.065;-0.15
19.07;-0.145
19.075;-0.1402
19.08;-0.135
19.085;-0.13
19.09;-0.1248
19.095;-0.1192
19.1;-0.114
19.105;-0.1084
19.11;-0.1026
19.115;-0.0972
19.12;-0.0912
19.125;-0.0854
19.13;-0.0794
19.135;-0.0734
19.14;-0.0674
19.145;-0.061
19.15;-0.055
19.155;-0.0486
19.16;-0.0422
19.165;-0.0358
19.17;-0.0292
19.175;-0.0228
19.18;-0.0162
19.185;-0.0096
19.19;-0.0028
19.195;0.0038
19.2;0.0106
19.205;0.0172
19.21;0.024
19.215;0.031
19.22;0.0376
19.225;0.0446
19.23;0.0512
19.235;0.0582
19.24;0.065
19.245;0.0718
19.25;0.0786
19.255;0.0854
19.26;0.092
19.265;0.0988
19.27;0.1056
19.275;0.1122
19.28;0.1188
19.285;0.1254
19.29;0.1318
19.295;0.1382
19.3;0.1446
19.305;0.151
19.31;0.157
19.315;0.1634
19.32;0.1692
19.325;0.1754
19.33;0.1812
19.335;0.1868
19.34;0.1926
19.345;0.198
19.35;0.2036
19.355;0.2088
19.36;0.214
19.365;0.219
19.37;0.224
19.375;0.2286
19.38;0.2334
19.385;0.2378
19.39;0.242
19.395;0.2462
19.4;0.2504
19.405;0.254
19.41;0.2578
19.415;0.2612
19.42;0.2646
19.425;0.2676
19.43;0.2708
19.435;0.2734
19.44;0.276
19.445;0.2784
19.45;0.2806
19.455;0.2826
19.46;0.2846
19.465;0.286
19.47;0.2876
19.475;0.2886
19.48;0.2898
19.485;0.2904
19.49;0.2912
19.495;0.2916
19.5;0.2918
19.505;0.2918
19.51;0.2916
19.515;0.2912
19.52;0.2904
19.525;0.2898
19.53;0.2886
19.535;0.2876
19.54;0.286
19.545;0.2846
19.55;0.2826
19.555;0.2806
19.56;0.2784
19.565;0.276
19.57;0.2734
19.575;0.2708
19.58;0.2676
19.585;0.2646
19.59;0.2612
19.595;0.2578
19.6;0.254
19.605;0.2504
19.61;0.2462
19.615;0.242
19.62;0.2378
19.625;0.2334
19.63;0.2286
19.635;0.224
19.64;0.219
19.645;0.214
19.65;0.2088
19.655;0.2036
19.66;0.198
19.665;0.1926
19.67;0.1868
19.675;0.1812
19.68;0.1754
19.685;0.1692
19.69;0.1634
19.695;0.157
19.7;0.151
19.705;0.1446
19.71;0.1382
19.715;0.1318
19.72;0.1254
19.725;0.1188
19.73;0.1122
19.735;0.1056
19.74;0.0988
19.745;0.092
19.75;0.0854
19.755;0.0786
19.76;0.0718
19.765;0.065
19.77;0.0582
19.775;0.0512
19.78;0.0446
19.785;0.0376
19.79;0.031
19.795;0.024
19.8;0.0172
19.805;0.0106
19.81;0.0038
19.815;-0.0028
19.82;-0.0096
19.825;-0.0162
19.83;-0.0228
19.835;-0.0292
19.84;-0.0358
19.845;-0.0422
19.85;-0.0486
19.855;-0.055
19.86;-0.061
19.865;-0.0674
19.87;-0.0734
19.875;-0.0794
19.88;-0.0854
19.885;-0.0912
19.89;-0.0972
19.895;-0.1026
19.9;-0.1084
19.905;-0.114
19.91;-0.1192
19.915;-0.1248
19.92;-0.13
19.925;-0.135
19.93;-0.1402
19.935;-0.145
19.94;-0.15
19.945;-0.1546
19.95;-0.1594
19.955;-0.1638
19.96;-0.1682
19.965;-0.1726
19.97;-0.1768
19.975;-0.181
19.98;-0.185
19.985;-0.1888
19.99;-0.1924
19.995;-0.1962
20;-0.1998
